<?xml version="1.0" encoding="utf-8" standalone="yes"?>
<addon id="service.subloader"
    name="SubLoader" version="0.1.1" provider-name="DenimNani">
  <requires>
    <import addon="xbmc.python" version="2.14.0"/>
  </requires>
  <extension point="xbmc.service" library="monitor.py" start="login"></extension>  
  <extension point="xbmc.addon.metadata">
    <summary lang="en">Auto Search for Subtitles on Play</summary>
    <description lang="en">Auto Search for Subtitles on Playback start if no subs are found.</description>
    <platform>all</platform>
    <language>en</language>
    <license>GPL</license>
    <website></website>
	<assets>
		<icon>iconsubloader.png</icon>
		<fanart>fanartsubloader.png</fanart>
		<screenshot>resources/media/screenshots/screenshot1subLoader.jpg</screenshot>
		<screenshot>fanartsubloader.png</screenshot>
	</assets>
    <source></source>
    <forum></forum>
    <email></email>
	<news>0.1.1     12.06.2019
Fixed release detection bug.
Fixed typo.

0.1.0     10.06.2019
Fixed instalation bug.
Fixed notifications bug.
Started Beta convergence.
Added default behavior selection.
Added auto donwload any subtitle if no match found.
Updated settings xml.
Updated strings po.
Release type detection improved.

0.0.9
Release type detection improved.
More clean up.

0.0.8
Added query search if no valid IMDBNumber was found.
Clean up.</news>
  </extension>
</addon>
