<?xml version="1.0" encoding="utf-8" standalone="yes"?>
<addon id="service.subloader"
    name="SubLoader" version="0.1.5" provider-name="DenimNani">
  <requires>
  </requires>
  <extension point="xbmc.service" library="monitor.py" start="login"></extension>  
  <extension point="xbmc.addon.metadata">
    <summary lang="en">Automatic subtitles for your content</summary>
    <description lang="en">Auto download the best subtitle automatically as soon you start the video.
Special thanks to OpenSubtitles.org for providing a unique UA for Subloader.</description>
    <platform>all</platform>
    <language>en</language>
    <license>GPL</license>
    <website>https://github.com/denimnani</website>
	<assets>
		<icon>iconsubloader.png</icon>
		<fanart>fanartsubloader.png</fanart>
		<screenshot>resources/media/screenshots/screenshot1subLoader.jpg</screenshot>
		<screenshot>fanartsubloader.png</screenshot>
	</assets>
    <source>https://github.com/denimnani/service.subloader</source>
    <forum></forum>
    <email></email>
	<news>0.1.5     21.02.2021
Subloader now runs on KODI v19 (Special thanks to peno/64).
Added python 3 compatibility.
Some grammatical corrections (Special thanks to AlexNaga).

0.1.4     23.07.2019
Added Dutch language (Special thanks to Tinuz97).
Clean up project files.

0.1.3     21.07.2019
Added OS user login.
Fixed debug option.
Added more debug information.
Massive code rewrite.
Several optimizations.
Added audio language exclusions.
Added video addon exclusions.
Improved sorting settings.
Improved settings layout.
Added Do nothing option.
Fixed typo (Special thanks to AlexNaga).</news>
  </extension>
</addon>
